{"version":"1.2","map_chara":{"Bian":1,"Main":2,"Nido":3,"Mr.Yoifuku":4},"name":"20project","game_type":"adv","size_type":"1","width":960,"height":640,"vertical":false,"check_title":"no","check_menu":"no","message_window":{"use_image":false,"image_file":"","msg_width":"920","msg_height":"211","msg_top":"371","msg_left":"20","margint":"45","marginl":"10","marginr":"20","marginb":"10","vertical":false,"color":"","opacity":"180","window_color":"0x000000","chara_name_color":"0xFFFFFF","chara_name_size":"26","chara_name_x":"30","chara_name_y":"381","chara_name_bold":"bold","game_type":"adv","check_chara_mode":true,"text_chara_mod_time":600,"check_memory_chara_face":false,"check_chara_anim":true,"select_chara_anim_mode":"","icon_position_x":"0","icon_position_y":"0","icon_position_fix":false}}